<?xml version="1.0" encoding="UTF-8"?>
<project-private xmlns="http://www.netbeans.org/ns/project-private/1">
    <editor-bookmarks xmlns="http://www.netbeans.org/ns/editor-bookmarks/2" lastBookmarkId="0"/>
    <open-files xmlns="http://www.netbeans.org/ns/projectui-open-files/2">
        <group>
            <file>file:/E:/DIW%20diciembre%202019%20nocturno%20solucion%20parcial/solucion/public_html/equipo.html</file>
            <file>file:/E:/DIW%20diciembre%202019%20nocturno%20solucion%20parcial/solucion/public_html/index.html</file>
            <file>file:/E:/DIW%20diciembre%202019%20nocturno%20solucion%20parcial/solucion/public_html/css/estilos.css</file>
        </group>
    </open-files>
</project-private>
